Sample,DYS576,DYS389 I,DYS448,DYS389 II,DYS19,DYS391,DYS481,DYS549,DYS533,DYS438,DYS437,DYS570,DYS635,DYS390,DYS439,DYS392,DYS643,DYS393,DYS458,DYS385 a,DYS385 b,DYS456,YGATAH4
Y001,17.00,13.00,19.00,30.00,13.00,11.00,30.00,11.00,12.00,10.00,15.00,17.00,21.00,24.00,13.00,11.00,10.00,13.00,17.00,14.00,15.00,15.00,11.00
Y002,18.00,13.00,19.00,31.00,16.00,11.00,30.00,11.00,13.00,10.00,14.00,18.00,23.00,25.00,12.00,11.00,10.00,13.00,17.00,14.00,16.00,15.00,11.00
Y003,18.00,13.00,19.00,31.00,13.00,11.00,30.00,11.00,13.00,10.00,15.00,19.00,24.00,24.00,15.00,11.00,10.00,13.00,18.00,14.00,15.00,15.00,11.00
Y004,16.00,13.00,21.00,30.00,15.00,11.00,23.00,12.00,12.00,11.00,14.00,20.00,23.00,25.00,11.00,11.00,9.00,13.00,15.00,11.00,13.00,16.00,12.00
Y005,18.00,13.00,19.00,30.00,12.00,10.00,22.00,13.00,12.00,10.00,14.00,19.00,21.00,24.00,9.00,11.00,12.00,13.00,17.00,16.00,17.00,16.00,12.00
Y006,16.00,13.00,20.00,31.00,12.00,10.00,22.00,13.00,12.00,10.00,14.00,19.00,22.00,24.00,12.00,11.00,11.00,13.00,16.00,16.00,18.00,17.00,11.00
Y007,19.00,13.00,19.00,30.00,16.00,11.00,30.00,11.00,13.00,10.00,15.00,18.00,23.00,24.00,12.00,11.00,10.00,13.00,19.00,14.00,15.00,15.00,12.00
Y008,18.00,13.00,20.00,30.00,15.00,13.00,30.00,11.00,12.00,10.00,15.00,18.00,22.00,24.00,12.00,11.00,10.00,13.00,15.00,14.00,15.00,16.00,11.00
Y009,18.00,13.00,19.00,31.00,15.00,10.00,31.00,11.00,13.00,10.00,15.00,18.00,23.00,24.00,12.00,11.00,10.00,13.00,16.00,14.00,16.00,15.00,12.00
Y010,18.00,13.00,19.00,31.00,16.00,11.00,30.00,11.00,13.00,10.00,15.00,19.00,23.00,24.00,14.00,11.00,10.00,13.00,17.00,15.00,15.00,15.00,11.00
Y011,16.00,13.00,21.00,31.00,13.00,10.00,22.00,12.00,12.00,10.00,14.00,21.00,22.00,24.00,12.00,11.00,13.00,13.00,16.00,16.00,18.00,18.00,12.00
Y012,16.00,12.00,20.00,28.00,14.00,10.00,27.00,12.00,11.00,10.00,15.00,19.00,22.00,23.00,11.00,11.00,13.00,13.00,15.00,13.00,14.00,14.00,11.00
Y013,18.00,13.00,20.00,31.00,16.00,11.00,31.00,12.00,12.00,10.00,15.00,18.00,22.00,24.00,12.00,11.00,10.00,13.00,17.00,14.00,15.00,15.00,11.00
Y014,16.00,12.00,20.00,29.00,15.00,10.00,24.00,12.00,11.00,10.00,16.00,21.00,20.00,22.00,11.00,11.00,12.00,13.00,14.00,12.00,14.00,15.00,11.00
Y015,18.00,13.00,19.00,31.00,16.00,11.00,29.00,11.00,12.00,10.00,15.00,19.00,22.00,24.00,12.00,11.50,10.00,13.00,17.00,14.00,15.00,15.00,11.00
Y016,21.00,13.00,20.00,31.00,13.00,10.00,23.00,13.00,12.00,10.00,14.00,18.00,22.00,24.00,12.00,11.00,12.00,13.00,17.00,16.00,17.00,16.00,12.00
Y017,20.00,13.00,20.00,30.00,13.00,10.00,22.00,12.00,12.00,10.00,14.00,20.00,21.00,25.00,12.00,11.00,12.00,13.00,15.00,19.00,19.00,15.00,12.00
Y018,17.00,13.00,20.00,30.00,16.00,9.00,21.00,12.00,11.00,11.00,14.00,18.00,23.00,25.00,10.00,11.00,10.00,13.00,15.00,11.00,14.00,15.00,13.00
Y019,19.00,14.00,20.00,30.00,13.00,9.00,27.00,11.00,11.00,10.00,14.00,22.00,21.00,24.00,10.00,11.00,12.00,13.00,18.00,13.00,14.00,16.00,12.00
Y020,17.00,14.00,20.00,31.00,13.00,10.00,22.00,12.00,11.00,10.00,14.00,19.00,22.00,25.00,12.00,11.00,12.00,13.00,15.00,16.00,18.00,16.00,12.00
Y021,18.00,13.00,19.00,31.00,16.00,11.00,31.00,11.00,12.00,10.00,15.00,18.00,23.00,24.00,12.00,11.00,10.00,13.00,17.00,14.00,15.00,15.00,11.00
Y022,19.00,13.00,19.00,31.00,16.00,11.00,32.00,11.00,12.00,10.00,15.00,20.00,22.00,24.00,12.00,11.00,10.00,13.00,17.00,14.00,15.00,15.00,11.00
Y023,17.00,13.00,19.00,31.00,13.00,11.00,29.00,11.00,12.00,10.00,15.00,18.00,23.00,24.00,14.00,11.00,10.00,13.00,17.00,14.00,15.00,15.00,11.00
Y024,19.00,14.00,20.00,31.00,12.00,10.00,22.00,12.00,12.00,10.00,14.00,20.00,22.00,24.00,11.00,11.00,12.00,13.00,17.00,16.00,18.00,16.00,11.00
Y025,18.00,14.00,20.00,30.00,15.00,10.00,26.00,12.00,12.00,11.00,15.00,20.00,23.00,25.00,11.00,11.00,10.00,13.00,18.00,12.00,14.00,17.00,12.00
Y026,18.00,13.00,19.00,30.00,13.00,11.00,30.00,11.00,13.00,10.00,15.00,18.00,23.00,24.00,15.00,11.00,10.00,13.00,17.00,14.00,15.00,15.00,10.00
Y027,17.00,13.00,20.00,30.00,13.00,10.00,22.00,12.00,12.00,10.00,14.00,19.00,23.00,25.00,11.00,11.00,12.00,13.00,15.00,16.00,18.00,17.00,12.00
Y028,17.00,13.00,20.00,31.00,15.00,11.00,30.00,11.00,13.00,10.00,15.00,17.00,22.00,24.00,12.00,11.00,10.00,14.00,17.00,14.00,15.00,15.00,11.00
Y029,18.00,13.00,20.00,30.00,14.00,9.00,24.00,11.00,11.00,9.00,15.00,18.00,22.00,23.00,10.00,12.00,10.00,12.00,15.00,13.00,15.00,17.00,11.00
Y030,17.00,13.00,20.00,30.00,13.00,10.00,23.00,13.00,12.00,10.00,14.00,19.00,22.00,24.00,12.00,11.00,12.00,13.00,15.00,16.00,18.00,16.00,11.00
Y031,21.00,13.00,20.00,31.00,16.00,10.00,30.00,11.00,13.00,10.00,15.00,17.00,24.00,24.00,13.00,11.00,10.00,13.00,21.00,14.00,15.00,15.00,11.00
Y032,20.00,13.00,20.00,30.00,16.00,11.00,23.00,12.00,12.00,11.00,14.00,19.00,24.00,25.00,10.00,11.00,10.00,13.00,16.00,11.00,14.00,16.00,13.00
Y033,18.00,13.00,20.00,29.00,16.00,10.00,25.00,12.00,12.00,11.00,14.00,19.00,23.00,25.00,11.00,11.00,10.00,13.00,16.00,11.00,14.00,17.00,11.00
Y034,19.00,13.00,19.00,29.00,15.00,11.00,22.00,14.00,12.00,12.00,15.00,18.00,23.00,24.00,12.00,13.00,10.00,12.00,18.00,12.00,16.00,17.00,11.00
Y035,16.00,14.00,19.00,30.00,14.00,11.00,20.00,12.00,11.00,11.00,14.00,20.00,22.00,23.00,9.00,16.00,11.00,13.00,16.00,11.00,13.00,14.00,13.00
Y036,18.00,14.00,20.00,31.00,13.00,10.00,22.00,12.00,12.00,10.00,14.00,19.00,23.00,24.00,11.00,11.00,12.00,13.00,15.00,16.00,18.00,16.00,12.00
Y037,17.00,13.00,19.00,30.00,17.00,11.00,31.00,11.00,12.00,10.00,15.00,18.00,24.00,24.00,13.00,11.00,10.00,13.00,18.00,14.00,16.00,15.00,11.00
Y038,18.00,13.00,20.00,30.00,17.00,11.00,23.00,12.00,12.00,11.00,14.00,19.00,23.00,25.00,11.00,11.00,9.00,14.00,15.00,11.00,13.00,16.00,15.00
Y039,20.00,14.00,20.00,31.00,16.00,10.00,21.00,12.00,12.00,11.00,14.00,18.00,23.00,25.00,10.00,11.00,10.00,14.00,15.00,11.00,13.00,17.00,12.00
Y040,18.00,13.00,20.00,30.00,17.00,11.00,23.00,12.00,12.00,11.00,14.00,19.00,23.00,25.00,11.00,11.00,9.00,13.00,15.00,11.00,13.00,16.00,15.00
Y041,17.00,12.00,19.00,28.00,15.00,10.00,23.00,12.00,11.00,9.00,14.00,17.00,21.00,23.00,12.00,12.00,9.00,12.00,16.00,15.00,19.00,14.00,12.00
Y042,17.00,12.00,20.00,28.00,14.00,10.00,25.00,12.00,11.00,10.00,16.00,21.00,22.00,23.00,12.00,11.00,11.00,13.00,15.00,13.00,14.00,14.00,12.00
Y043,19.00,13.00,20.00,30.00,17.00,10.00,23.00,13.00,12.00,10.00,14.00,18.00,21.00,25.00,10.00,11.00,10.00,13.00,15.00,11.00,14.00,16.00,13.00
Y044,17.00,13.00,19.00,29.00,14.00,11.00,23.00,14.00,12.00,12.00,15.00,18.00,23.00,24.00,12.00,13.00,10.00,13.00,15.00,11.00,11.00,15.00,12.00
Y045,19.00,13.00,19.00,31.00,15.00,11.00,31.00,11.00,12.00,10.00,15.00,18.00,22.00,24.00,12.00,11.00,10.00,13.00,17.00,14.00,16.00,15.00,11.00
Y046,18.00,13.00,19.00,30.00,16.00,11.00,31.00,11.00,12.00,10.00,15.00,18.00,22.00,24.00,13.00,11.00,10.00,13.00,18.00,14.00,15.00,15.00,11.00
Y047,18.00,13.00,20.00,31.00,16.00,11.00,23.00,12.00,12.00,11.00,14.00,19.00,24.00,25.00,10.00,11.00,10.00,13.00,15.00,11.00,14.00,15.00,13.00
Y048,18.00,12.00,19.00,30.00,16.00,10.00,31.00,11.00,12.00,10.00,15.00,19.00,23.00,24.00,12.00,11.00,10.00,13.00,17.00,14.00,16.00,15.00,11.00
Y049,18.00,13.00,19.00,31.00,16.00,11.00,27.00,11.00,12.00,10.00,15.00,19.00,23.00,24.00,13.00,11.00,9.00,13.00,18.00,14.00,15.00,16.00,11.00
Y050,18.00,13.00,19.00,31.00,16.00,10.00,30.00,11.00,13.00,10.00,15.00,17.00,22.00,24.00,12.00,11.00,10.00,13.00,17.00,13.00,15.00,15.00,11.00
Y051,19.00,13.00,19.00,32.00,16.00,11.00,31.00,12.00,13.00,10.00,15.00,19.00,22.00,24.00,13.00,11.00,10.00,13.00,17.00,14.00,15.00,15.00,11.00
Y052,18.00,13.00,18.00,31.00,16.00,10.00,30.00,11.00,13.00,10.00,15.00,18.00,22.00,24.00,13.00,11.00,10.00,13.00,17.00,14.00,15.00,16.00,11.00
Y053,18.00,13.00,19.00,31.00,16.00,11.00,31.00,11.00,13.00,10.00,15.00,18.00,23.00,24.00,13.00,11.00,10.00,13.00,17.00,14.00,15.00,15.00,12.00
Y054,17.00,13.00,19.00,30.00,15.00,11.00,31.00,11.00,12.00,10.00,15.00,18.00,23.00,24.00,13.00,11.00,10.00,13.00,17.00,14.00,15.00,15.00,11.00
Y055,19.00,13.00,18.00,31.00,15.00,11.00,31.00,11.00,11.00,10.00,15.00,18.00,24.00,25.00,13.00,11.00,10.00,13.00,18.00,14.00,16.00,15.00,11.00
Y056,18.00,13.00,19.00,31.00,16.00,11.00,30.00,11.00,12.00,10.00,15.00,19.00,23.00,24.00,12.00,11.00,10.00,13.00,18.00,14.00,15.00,15.00,11.00
Y057,17.00,14.00,20.00,29.00,14.00,10.00,24.00,12.00,12.00,10.00,14.00,19.00,21.00,25.00,12.00,14.00,11.00,14.00,18.00,11.00,16.00,14.00,12.00
Y058,20.00,13.00,19.00,31.00,17.00,11.00,31.00,11.00,12.00,10.00,15.00,19.00,23.00,24.00,13.00,11.00,10.00,13.00,17.00,14.00,15.00,15.00,11.00
Y059,17.00,12.00,20.00,28.00,16.00,11.00,23.00,12.00,12.00,11.00,14.00,21.00,23.00,24.00,10.00,11.00,10.00,13.00,15.00,11.00,15.00,15.00,13.00
Y060,21.00,13.00,20.00,30.00,15.00,10.00,22.00,12.00,12.00,11.00,14.00,17.00,23.00,25.00,10.00,11.00,10.00,13.00,15.00,11.00,14.00,16.00,12.00
Y061,18.00,14.00,19.00,32.00,16.00,11.00,29.00,11.00,13.00,10.00,15.00,18.00,23.00,24.00,13.00,11.00,10.00,13.00,18.00,14.00,15.00,14.00,11.00
Y062,20.00,13.00,20.00,30.00,16.00,10.00,21.00,12.00,13.00,11.00,14.00,17.00,23.00,25.00,10.00,11.00,10.00,13.00,16.00,11.00,14.00,17.00,12.00
Y063,17.00,14.00,20.00,29.00,14.00,10.00,24.00,12.00,12.00,10.00,14.00,19.00,21.00,24.30,12.00,14.00,11.00,14.00,17.00,11.00,16.00,14.00,12.00
Y064,18.00,13.00,20.00,29.00,16.00,11.00,23.00,12.00,12.00,11.00,14.00,19.00,23.00,25.00,10.00,11.00,10.00,13.00,13.00,11.00,14.00,16.00,12.00
Y065,17.00,13.00,19.00,31.00,16.00,11.00,31.00,11.00,13.00,10.00,15.00,19.00,21.00,24.00,13.00,11.00,10.00,13.00,17.00,14.00,16.00,15.00,11.00
Y066,16.00,13.00,21.00,29.00,15.00,9.00,23.00,12.00,13.00,9.00,14.00,19.00,21.00,24.00,12.00,11.00,10.00,12.00,14.00,13.00,16.00,16.00,12.00
Y067,18.00,13.00,21.00,31.00,14.00,10.00,22.00,12.00,11.00,9.00,15.00,18.00,22.00,23.00,12.00,11.00,10.00,13.00,14.00,13.00,17.00,14.00,11.00
Y068,17.00,14.00,19.00,29.00,14.00,10.00,24.00,12.00,12.00,10.00,14.00,18.00,21.00,24.30,12.00,14.00,11.00,14.00,19.00,11.00,16.00,14.00,12.00
Y069,18.00,14.00,18.00,31.00,15.00,11.00,31.00,11.00,13.00,10.00,15.00,18.00,23.00,25.00,12.00,11.00,10.00,13.00,17.00,14.00,15.00,15.00,11.00
Y070,17.00,12.00,20.00,28.00,13.00,10.00,24.00,12.00,11.00,10.00,16.00,21.00,23.00,23.00,11.00,11.00,11.00,13.00,15.00,13.00,15.00,14.00,12.00
Y071,17.00,13.00,19.00,30.00,15.00,11.00,33.00,11.00,13.00,10.00,15.00,20.00,23.00,25.00,12.00,11.00,10.00,13.00,18.00,14.00,15.00,15.00,11.00
Y072,17.00,14.00,20.00,29.00,14.00,10.00,23.00,12.00,12.00,10.00,14.00,18.00,21.00,24.30,12.00,14.00,11.00,14.00,18.00,11.00,16.00,14.00,12.00
Y073,18.00,13.00,20.00,31.00,15.00,11.00,30.00,11.00,13.00,10.00,15.00,18.00,22.00,24.00,14.00,11.00,10.00,13.00,18.00,14.00,15.00,15.00,11.00
Y074,19.00,13.00,19.00,30.00,14.00,11.00,30.00,11.00,13.00,10.00,15.00,18.00,22.00,24.00,13.00,11.00,10.00,13.00,17.00,14.00,15.00,15.00,12.00
Y075,17.00,13.00,20.00,30.00,13.00,10.00,22.00,12.00,12.00,10.00,14.00,20.00,20.00,24.00,11.00,11.00,12.00,13.00,15.00,16.00,19.00,17.00,12.00
Y076,19.00,14.00,20.00,32.00,13.00,10.00,23.00,12.00,12.00,10.00,14.00,18.00,22.00,24.00,12.00,11.00,12.00,13.00,17.00,16.00,17.00,16.00,12.00
Y077,16.00,12.00,19.00,29.00,15.00,10.00,22.00,13.00,10.00,9.00,16.00,20.00,21.00,24.00,14.00,11.00,9.00,12.00,16.00,14.00,17.00,13.00,11.00
Y078,19.00,13.00,20.00,32.00,14.00,11.00,31.00,11.00,13.00,10.00,15.00,18.00,22.00,24.00,12.00,11.00,10.00,13.00,18.00,15.00,15.00,15.00,11.00
Y079,18.00,13.00,19.00,29.00,15.00,11.00,23.00,14.00,12.00,12.00,14.00,17.00,23.00,24.00,12.00,13.00,10.00,12.00,18.00,12.00,15.00,16.00,11.00
Y080,18.00,13.00,20.00,30.00,17.00,11.00,23.00,12.00,12.00,11.00,14.00,19.00,23.00,25.00,11.00,11.00,9.00,13.00,15.00,11.00,13.00,16.00,15.00
Y081,19.00,13.00,19.00,31.00,16.00,11.00,31.00,11.00,13.00,10.00,15.00,18.00,22.00,24.00,12.00,11.00,11.00,13.00,17.00,13.00,15.00,14.00,11.00
Y082,19.00,13.00,19.00,31.00,15.00,11.00,31.00,11.00,12.00,10.00,15.00,18.00,22.00,24.00,13.00,11.00,10.00,13.00,18.00,14.00,16.00,15.00,11.00
Y083,17.00,13.00,19.00,31.00,15.00,11.00,29.00,11.00,12.00,11.00,15.00,18.00,23.00,24.00,12.00,11.00,10.00,13.00,16.00,15.00,15.00,15.00,11.00
Y084,18.00,13.00,19.00,30.00,12.00,10.00,22.00,13.00,12.00,10.00,14.00,19.00,21.00,24.00,9.00,11.00,12.00,13.00,17.00,16.00,17.00,16.00,12.00
Y085,18.00,13.00,19.00,31.00,16.00,12.00,32.00,11.00,12.00,10.00,15.00,19.00,22.00,24.00,12.00,11.00,10.00,13.00,17.00,14.00,15.00,15.00,11.00
Y086,18.00,13.00,19.00,29.00,15.00,11.00,23.00,14.00,12.00,12.00,15.00,17.00,23.00,24.00,12.00,13.00,10.00,12.00,18.00,11.00,15.00,16.00,11.00
Y087,18.00,13.00,20.00,32.00,15.00,10.00,29.00,11.00,13.00,10.00,15.00,17.00,22.00,24.00,12.00,11.00,10.00,13.00,17.00,14.00,15.00,15.00,11.00
Y088,16.00,13.00,21.00,30.00,16.00,11.00,23.00,11.00,12.00,11.00,14.00,19.00,24.00,24.00,12.00,11.00,9.00,13.00,15.00,11.00,13.00,16.00,12.00
Y089,18.00,13.00,19.00,31.00,15.00,11.00,29.00,11.00,13.00,10.00,15.00,18.00,23.00,24.00,12.00,11.00,10.00,13.00,17.00,14.00,15.00,15.00,11.00
Y090,19.00,13.00,19.00,31.00,15.00,11.00,30.00,11.00,13.00,10.00,15.00,18.00,23.00,24.00,13.00,11.00,10.00,13.00,17.00,14.00,15.00,15.00,12.00
Y091,17.00,13.00,21.00,32.00,16.00,11.00,29.00,11.00,12.00,10.00,15.00,19.00,23.00,24.00,13.00,11.00,10.00,13.00,17.00,14.00,14.00,15.00,11.00
Y092,18.00,13.00,19.00,29.00,13.00,11.00,22.00,13.00,12.00,12.00,15.00,17.00,23.00,24.00,12.00,13.00,10.00,13.00,17.00,11.00,11.00,16.00,11.00
Y093,18.00,13.00,18.00,30.00,13.00,11.00,30.00,11.00,13.00,10.00,15.00,17.00,24.00,24.00,14.00,11.00,10.00,13.00,16.00,14.00,15.00,16.00,10.00
Y094,16.00,12.00,20.00,28.00,14.00,10.00,26.00,12.00,11.00,10.00,16.00,21.00,22.00,22.00,11.00,12.00,12.00,13.00,15.00,13.00,14.00,14.00,11.00
Y095,18.00,14.00,20.00,31.00,12.00,10.00,22.00,12.00,11.00,10.00,14.00,19.00,22.00,25.00,12.00,11.00,12.00,13.00,16.00,16.00,17.00,16.00,12.00
Y096,19.00,13.00,19.00,31.00,14.00,11.00,31.00,11.00,12.00,10.00,15.00,18.00,23.00,24.00,13.00,11.00,10.00,12.00,18.00,14.00,15.00,15.00,11.00
Y097,18.00,13.00,19.00,31.00,14.00,11.00,30.00,10.00,12.00,10.00,14.00,18.00,24.00,24.00,12.00,11.00,10.00,13.00,18.00,14.00,15.00,15.00,11.00
Y098,19.00,12.00,19.00,28.00,14.00,10.00,23.00,13.00,11.00,9.00,15.00,18.00,21.00,23.00,13.00,11.00,9.00,12.00,16.00,15.00,16.00,13.00,10.00
Y099,18.00,13.00,20.00,30.00,16.00,10.00,25.00,12.00,12.00,11.00,14.00,19.00,23.00,25.00,12.00,11.00,10.00,13.00,17.00,10.00,14.00,16.00,12.00
Y100,18.00,14.00,19.00,32.00,14.00,10.00,31.00,11.00,12.00,10.00,15.00,19.00,22.00,24.00,14.00,11.00,10.00,13.00,17.00,14.00,15.00,15.00,12.00
Y101,17.00,13.00,20.00,30.00,14.00,10.00,25.00,12.00,11.00,11.00,14.00,19.00,24.00,25.00,11.00,12.00,10.00,13.00,16.00,11.00,14.00,18.00,12.00
Y102,17.00,13.00,20.00,28.00,13.00,10.00,24.00,12.00,12.00,10.00,14.00,18.00,21.00,24.30,12.00,14.00,11.00,14.00,18.00,11.00,16.00,14.00,12.00
Y103,19.00,13.00,19.00,29.00,15.00,11.00,29.00,11.00,11.00,10.00,15.00,17.00,24.00,24.00,13.00,11.00,10.00,13.00,18.00,14.00,15.00,15.00,11.00
Y104,17.00,13.00,20.00,32.00,14.00,11.00,29.00,11.00,13.00,10.00,15.00,18.00,23.00,24.00,13.00,11.00,10.00,13.00,16.00,14.00,15.00,15.00,11.00
Y105,18.00,13.00,19.00,31.00,15.00,11.00,30.00,11.00,12.00,10.00,15.00,18.00,23.00,24.00,13.00,11.00,10.00,13.00,18.00,14.00,15.00,15.00,11.00
Y106,18.00,13.00,19.00,30.00,15.00,11.00,29.00,10.00,12.00,10.00,15.00,19.00,23.00,24.00,12.00,11.00,10.00,13.00,18.00,14.00,15.00,15.00,11.00
Y107,18.00,13.00,19.00,30.00,16.00,11.00,30.00,11.00,13.00,10.00,15.00,17.00,23.00,24.00,12.00,11.00,10.00,13.00,17.00,14.00,15.00,15.00,12.00
Y108,16.00,13.00,21.00,30.00,14.00,11.00,23.00,12.00,12.00,11.00,14.00,19.00,24.00,26.00,11.00,11.00,9.00,13.00,15.00,11.00,13.00,16.00,12.00
Y109,19.00,13.00,19.00,31.00,15.00,11.00,30.00,11.00,12.00,10.00,15.00,18.00,23.00,24.00,13.00,11.00,10.00,13.00,17.00,14.00,15.00,15.00,11.00
Y110,18.00,13.00,19.00,31.00,15.00,11.00,31.00,11.00,12.00,10.00,15.00,17.00,22.00,24.00,13.00,11.00,10.00,13.00,17.00,14.00,15.00,15.00,11.00
Y111,18.00,13.00,19.00,31.00,16.00,10.00,30.00,11.00,13.00,10.00,15.00,18.00,24.00,23.00,12.00,11.00,10.00,13.00,16.00,14.00,15.00,15.00,11.00
Y112,16.00,13.00,20.00,29.00,14.00,10.00,25.00,12.00,11.00,10.00,16.00,20.00,21.00,22.00,11.00,11.00,12.00,13.00,15.00,14.00,15.00,14.00,11.00
Y113,19.00,13.00,19.00,30.00,16.00,10.00,31.00,11.00,13.00,10.00,15.00,18.00,21.00,24.00,13.00,11.00,10.00,14.00,15.00,14.00,15.00,15.00,11.00
Y114,18.00,13.00,19.00,30.00,16.00,11.00,31.00,11.00,13.00,10.00,15.00,19.00,22.00,24.00,13.00,11.00,10.00,14.00,18.00,14.00,15.00,15.00,11.00
Y115,17.00,13.00,20.00,31.00,16.00,11.00,23.00,12.00,12.00,11.00,14.00,18.00,23.00,24.00,11.00,11.00,11.00,13.00,15.00,11.00,14.00,16.00,13.00
Y116,18.00,13.00,19.00,32.00,16.00,11.00,26.00,11.00,13.00,10.00,15.00,18.00,23.00,24.00,12.00,11.00,10.00,13.00,17.00,14.00,15.00,15.00,11.00
Y117,16.00,13.00,21.00,30.00,16.00,11.00,23.00,12.00,13.00,11.00,14.00,20.00,23.00,24.00,12.00,11.00,9.00,13.00,15.00,11.00,13.00,16.00,12.00
Y118,19.00,14.00,19.00,32.00,15.00,11.00,33.00,11.00,14.00,10.00,15.00,18.00,23.00,24.00,12.00,11.00,10.00,13.00,18.00,15.00,15.00,15.00,11.00
Y119,18.00,13.00,19.00,32.00,15.00,11.00,33.00,11.00,13.00,10.00,15.00,17.00,22.00,23.00,13.00,11.00,10.00,13.00,17.00,14.00,16.00,15.00,12.00
Y120,18.00,13.00,20.00,29.00,16.00,10.00,25.00,12.00,11.00,11.00,14.00,19.00,23.00,25.00,12.00,11.00,10.00,13.00,16.00,11.00,14.00,17.00,12.00
Y121,18.00,13.00,20.00,30.00,16.00,11.00,29.00,11.00,12.00,10.00,15.00,18.00,24.00,24.00,13.00,11.00,10.00,13.00,17.00,14.00,15.00,15.00,11.00
Y122,19.00,13.00,19.00,29.00,15.00,10.00,25.00,13.00,12.00,11.00,14.00,19.00,24.00,25.00,11.00,11.00,10.00,13.00,16.00,11.00,14.00,16.00,12.00
Y123,17.00,13.00,20.00,29.00,14.00,10.00,25.00,12.00,12.00,11.00,14.00,18.00,23.00,25.00,11.00,11.00,10.00,13.00,16.00,11.00,13.00,18.00,12.00
Y124,16.00,12.00,19.00,28.00,14.00,10.00,23.00,13.00,12.00,9.00,16.00,17.00,22.00,24.00,12.00,11.00,9.00,12.00,17.00,14.00,17.00,13.00,11.00
Y125,19.00,13.00,19.00,30.00,15.00,10.00,30.00,11.00,12.00,10.00,15.00,18.00,22.00,24.00,12.00,11.00,10.00,13.00,17.00,14.00,15.00,15.00,11.00
Y126,16.00,13.00,19.00,31.00,15.00,11.00,31.00,11.00,13.00,10.00,15.00,19.00,23.00,24.00,13.00,11.00,10.00,13.00,17.00,14.00,15.00,15.00,11.00
Y127,21.00,13.00,20.00,30.00,15.00,10.00,21.00,12.00,12.00,11.00,14.00,18.00,23.00,25.00,10.00,11.00,10.00,14.00,15.00,11.00,13.00,17.00,12.00
Y128,18.00,13.00,20.00,30.00,14.00,10.00,23.00,13.00,12.00,11.00,14.00,18.00,23.00,25.00,10.00,11.00,10.00,13.00,17.00,11.00,15.00,16.00,13.00
Y129,15.00,12.00,21.00,28.00,13.00,10.00,24.00,12.00,11.00,10.00,16.00,20.00,22.00,23.00,11.00,11.00,12.00,13.00,15.00,14.00,14.00,13.00,11.00
Y130,19.00,15.00,20.00,32.00,15.00,10.00,21.00,12.00,12.00,11.00,14.00,17.00,23.00,25.00,10.00,11.00,10.00,14.00,16.00,11.00,13.00,17.00,12.00
Y131,15.00,13.00,19.00,31.00,15.00,11.00,31.00,11.00,13.00,10.00,15.00,18.00,23.00,24.00,12.00,11.00,10.00,13.00,18.00,14.00,16.00,15.00,11.00
Y132,15.00,13.00,21.00,30.00,15.00,11.00,23.00,12.00,12.00,11.00,14.00,18.00,23.00,26.00,11.00,11.00,9.00,13.00,15.00,11.00,13.00,16.00,12.00
Y133,18.00,13.00,19.00,30.00,15.00,11.00,31.00,11.00,12.00,10.00,15.00,17.00,23.00,24.00,13.00,11.00,10.00,13.00,18.00,15.00,15.00,15.00,11.00
Y134,18.00,13.00,19.00,31.00,15.00,12.00,30.00,11.00,12.00,10.00,15.00,18.00,22.00,23.00,12.00,11.00,10.00,12.00,18.00,14.00,15.00,15.00,12.00
Y135,19.00,13.00,19.00,31.00,15.00,11.00,29.00,11.00,12.00,9.00,15.00,18.00,22.00,24.00,12.00,11.00,10.00,13.00,18.00,14.00,15.00,15.00,11.00
Y136,18.00,13.00,19.00,31.00,13.00,11.00,29.00,11.00,12.00,10.00,14.00,17.00,23.00,24.00,13.00,11.00,10.00,13.00,17.00,15.00,15.00,15.00,11.00
Y137,18.00,13.00,19.00,29.00,14.00,11.00,22.00,14.00,12.00,12.00,15.00,17.00,23.00,23.00,12.00,13.00,10.00,12.00,18.00,12.00,14.00,16.00,11.00
Y138,18.00,13.00,19.00,30.00,15.00,10.00,31.00,11.00,12.00,10.00,15.00,19.00,23.00,24.00,12.00,11.00,10.00,13.00,17.00,14.00,15.00,15.00,11.00
Y139,18.00,13.00,19.00,31.00,15.00,11.00,31.00,12.00,13.00,10.00,15.00,18.00,23.00,24.00,12.00,11.00,10.00,13.00,18.00,14.00,15.00,15.00,11.00
Y140,18.00,13.00,20.00,30.00,12.00,10.00,22.00,12.00,12.00,10.00,14.00,19.00,21.00,24.00,12.00,11.00,13.00,13.00,15.00,16.00,18.00,15.00,12.00
Y141,17.00,13.00,20.00,30.00,16.00,11.00,23.00,12.00,12.00,11.00,14.00,19.00,23.00,25.00,11.00,11.00,9.00,13.00,15.00,11.00,13.00,16.00,14.00
Y142,18.00,13.00,19.00,31.00,15.00,11.00,29.00,10.00,12.00,10.00,15.00,18.00,23.00,24.00,13.00,11.00,10.00,13.00,16.00,14.00,15.00,15.00,11.00
Y143,18.00,13.00,20.00,30.00,13.00,10.00,22.00,12.00,12.00,10.00,14.00,20.00,20.00,25.00,11.00,11.00,12.00,13.00,15.00,16.00,20.00,16.00,12.00
Y144,18.00,13.00,20.00,31.00,16.00,10.00,32.00,11.00,12.00,10.00,15.00,19.00,23.00,24.00,12.00,11.00,10.00,13.00,17.00,14.00,15.00,15.00,11.00
Y145,17.00,14.00,20.00,29.00,14.00,10.00,24.00,12.00,12.00,10.00,14.00,19.00,21.00,25.00,12.00,14.00,11.00,14.00,18.00,11.00,16.00,14.00,12.00
Y146,18.00,13.00,19.00,30.00,15.00,11.00,31.00,11.00,13.00,9.00,15.00,18.00,23.00,24.00,12.00,11.00,10.00,13.00,18.00,14.00,15.00,15.00,12.00
Y147,17.00,14.00,19.00,30.00,13.00,11.00,22.00,12.00,11.00,12.00,15.00,17.00,23.00,26.00,12.00,13.00,10.00,14.00,18.00,11.00,14.00,15.00,12.00
Y148,16.00,14.00,20.00,31.00,15.00,11.00,23.00,12.00,12.00,11.00,14.00,19.00,23.00,25.00,10.00,11.00,11.00,13.00,15.00,11.00,14.00,16.00,12.00
Y149,16.00,13.00,19.00,30.00,13.00,10.00,22.00,12.00,12.00,12.00,15.00,18.00,24.00,24.00,12.00,13.00,10.00,12.00,16.00,11.00,14.00,15.00,12.00
Y150,20.00,13.00,19.00,31.00,14.00,11.00,31.00,11.00,12.00,10.00,15.00,18.00,23.00,24.00,13.00,11.00,10.00,13.00,19.00,14.00,15.00,15.00,11.00
Y151,19.00,13.00,19.00,31.00,15.00,11.00,31.00,11.00,12.00,10.00,15.00,18.00,23.00,24.00,12.00,11.00,10.00,13.00,18.00,14.00,15.00,15.00,11.00
Y152,19.00,13.00,19.00,29.00,15.00,11.00,29.00,11.00,11.00,10.00,15.00,17.00,24.00,24.00,13.00,11.00,10.00,13.00,18.00,14.00,15.00,15.00,11.00
Y153,17.00,13.00,20.00,31.00,12.00,10.00,22.00,12.00,12.00,10.00,14.00,21.00,22.00,24.00,12.00,11.00,12.00,13.00,16.00,16.00,18.00,16.00,12.00
Y154,17.00,13.00,20.00,28.00,13.00,10.00,24.00,12.00,12.00,10.00,14.00,18.00,21.00,24.30,12.00,14.00,11.00,14.00,18.00,11.00,16.00,14.00,12.00
Y155,17.00,14.00,20.00,29.00,14.00,10.00,24.00,12.00,12.00,10.00,14.00,18.00,21.00,25.00,12.00,14.00,11.00,14.00,19.00,11.00,16.00,14.00,12.00
Y156,17.00,13.00,19.00,30.00,14.00,11.00,30.00,11.00,13.00,10.00,15.00,18.00,23.00,24.00,12.00,11.00,10.00,13.00,20.00,14.00,15.00,15.00,12.00
Y157,19.00,13.00,20.00,29.00,14.00,10.00,23.00,13.00,12.00,11.00,14.00,18.00,23.00,25.00,10.00,11.00,10.00,13.00,15.00,10.00,14.00,14.00,12.00
Y158,18.00,12.00,19.00,31.00,15.00,10.00,31.00,11.00,12.00,10.00,14.00,18.00,23.00,24.00,13.00,11.00,10.00,13.00,17.00,14.00,15.00,15.00,11.00
Y159,17.00,13.00,20.00,30.00,13.00,10.00,22.00,13.00,12.00,10.00,14.00,20.00,22.00,24.00,12.00,11.00,11.00,13.00,15.00,16.00,18.00,17.00,11.00
Y160,18.00,13.00,20.00,31.00,16.00,11.00,28.00,11.00,12.00,10.00,15.00,18.00,24.00,24.00,13.00,11.00,10.00,13.00,17.00,14.00,15.00,15.00,11.00
Y161,18.00,12.00,18.00,28.00,15.00,10.00,23.00,12.00,11.00,9.00,14.00,18.00,21.00,23.00,12.00,12.00,9.00,12.00,15.00,15.00,20.00,13.00,12.00
Y162,16.00,13.00,20.00,30.00,13.00,10.00,22.00,13.00,12.00,10.00,14.00,20.00,21.00,24.00,12.00,11.00,11.00,13.00,15.00,16.00,17.00,17.00,11.00
Y163,17.00,14.00,21.00,30.00,15.00,9.00,22.00,12.00,13.00,9.00,14.00,18.00,22.00,23.00,13.00,11.00,10.00,12.00,14.00,13.00,15.00,17.00,11.00
Y164,18.00,13.00,19.00,31.00,16.00,11.00,32.00,11.00,13.00,10.00,15.00,20.00,22.00,24.00,12.00,11.00,10.00,13.00,17.00,13.00,16.00,15.00,12.00
Y165,20.00,13.00,19.00,32.00,16.00,11.00,31.00,11.00,12.00,10.00,15.00,17.00,23.00,24.00,13.00,11.00,10.00,13.00,17.00,14.00,15.00,15.00,10.00
Y166,16.00,13.00,21.00,29.00,17.00,11.00,23.00,12.00,13.00,11.00,14.00,20.00,23.00,24.00,11.00,11.00,9.00,13.00,15.00,11.00,13.00,17.00,12.00
Y167,18.00,13.00,20.00,29.00,16.00,10.00,25.00,12.00,12.00,11.00,14.00,19.00,23.00,25.00,12.00,11.00,10.00,13.00,16.00,11.00,14.00,16.00,12.00
Y168,17.00,13.00,19.00,29.00,15.00,10.00,26.00,12.00,12.00,11.00,14.00,17.00,22.00,23.00,11.00,13.00,10.00,14.00,17.00,14.00,19.00,15.00,12.00
Y169,18.00,14.00,20.00,31.00,17.00,11.00,23.00,12.00,12.00,12.00,14.00,19.00,23.00,25.00,10.00,11.00,10.00,13.00,15.00,11.00,14.00,16.00,13.00
Y170,18.00,13.00,19.00,30.00,16.00,11.00,29.00,11.00,12.00,10.00,15.00,18.00,21.00,24.00,13.00,11.00,10.00,13.00,17.00,14.00,15.00,15.00,11.00
Y171,18.00,13.00,22.00,30.00,15.00,10.00,23.00,13.00,11.00,9.00,16.00,17.00,23.00,23.00,12.00,11.00,10.00,12.00,16.00,14.00,17.00,15.00,11.00
Y172,19.00,14.00,19.00,32.00,14.00,11.00,30.00,11.00,12.00,10.00,14.00,17.00,23.00,24.00,13.00,11.00,10.00,13.00,17.00,14.00,15.00,15.00,11.00
Y173,20.00,13.00,19.00,31.00,14.00,11.00,31.00,11.00,11.00,10.00,15.00,18.00,23.00,24.00,13.00,11.00,10.00,13.00,20.00,14.00,15.00,15.00,11.00
Y174,18.00,14.00,20.00,30.00,15.00,10.00,25.00,12.00,12.00,11.00,15.00,19.00,23.00,25.00,11.00,11.00,10.00,13.00,18.00,12.00,14.00,17.00,12.00
Y175,18.00,13.00,19.00,31.00,17.00,10.00,31.00,11.00,13.00,10.00,14.00,18.00,23.00,24.00,12.00,11.00,11.00,13.00,18.00,14.00,15.00,15.00,11.00
Y176,17.00,13.00,19.00,29.00,13.00,11.00,22.00,13.00,12.00,12.00,15.00,17.00,23.00,23.00,13.00,13.00,10.00,13.00,17.00,11.00,14.00,16.00,12.00
Y177,17.00,14.00,20.00,29.00,13.00,11.00,24.00,12.00,12.00,10.00,14.00,18.00,21.00,24.30,12.00,14.00,11.00,14.00,18.00,11.00,16.00,14.00,12.00
Y178,17.00,13.00,20.00,29.00,13.00,10.00,24.00,11.00,12.00,9.00,15.00,15.00,23.00,23.00,10.00,11.00,10.00,12.00,15.00,13.00,17.00,16.00,11.00
Y179,18.00,13.00,19.00,31.00,15.00,11.00,28.00,11.00,13.00,10.00,15.00,17.00,23.00,24.00,13.00,11.00,10.00,13.00,18.00,14.00,15.00,15.00,11.00
Y180,16.00,13.00,21.00,28.00,13.00,10.00,22.00,12.00,11.00,9.00,15.00,18.00,20.00,23.00,11.00,11.00,10.00,12.00,16.00,13.00,17.00,15.00,11.00
Y181,18.00,14.00,20.00,31.00,15.00,10.00,23.00,13.00,12.00,11.00,14.00,17.00,23.00,25.00,10.00,11.00,10.00,13.00,15.00,11.00,14.00,14.00,12.00
Y182,18.00,13.00,19.00,31.00,15.00,11.00,31.00,11.00,13.00,10.00,15.00,18.00,22.00,24.00,13.00,11.00,10.00,13.00,17.00,14.00,15.00,15.00,12.00
Y183,18.00,13.00,19.00,31.00,15.00,11.00,29.00,11.00,13.00,10.00,15.00,18.00,23.00,25.00,13.00,11.00,10.00,13.00,17.00,14.00,15.00,14.00,11.00
Y184,18.00,13.00,19.00,30.00,15.00,11.00,31.00,11.00,12.00,10.00,15.00,18.00,23.00,24.00,12.00,11.00,10.00,13.00,18.00,13.00,15.00,15.00,11.00
Y185,16.00,12.00,20.00,29.00,13.00,10.00,24.00,13.00,10.00,11.00,16.00,17.00,21.00,23.00,12.00,12.00,12.00,12.00,17.00,15.00,17.00,16.00,10.00
Y186,16.00,13.00,20.00,29.00,13.00,10.00,25.00,12.00,11.00,10.00,16.00,22.00,21.00,22.00,11.00,11.00,12.00,13.00,15.00,14.00,15.00,14.00,11.00
Y187,17.00,13.00,20.00,29.00,15.00,10.00,24.00,12.00,12.00,11.00,14.00,19.00,23.00,25.00,10.00,11.00,11.00,13.00,16.00,11.00,14.00,18.00,12.00
Y188,18.00,13.00,19.00,31.00,16.00,11.00,30.00,11.00,12.00,11.00,15.00,18.00,23.00,24.00,12.00,11.00,10.00,13.00,17.00,14.00,15.00,14.00,11.00
Y189,16.00,13.00,21.00,28.00,13.00,10.00,22.00,12.00,11.00,9.00,15.00,18.00,20.00,23.00,11.00,11.00,10.00,12.00,16.00,13.00,17.00,15.00,11.00
Y190,18.00,13.00,19.00,31.00,15.00,11.00,28.00,11.00,13.00,10.00,15.00,17.00,23.00,24.00,13.00,11.00,10.00,13.00,18.00,14.00,15.00,15.00,11.00
Y191,17.00,13.00,20.00,29.00,13.00,10.00,24.00,11.00,12.00,9.00,15.00,15.00,23.00,23.00,10.00,11.00,10.00,12.00,15.00,13.00,17.00,16.00,11.00
Y192,17.00,14.00,20.00,29.00,13.00,11.00,24.00,12.00,12.00,10.00,14.00,18.00,21.00,24.30,12.00,14.00,11.00,14.00,18.00,11.00,16.00,14.00,12.00
Y193,17.00,13.00,19.00,29.00,13.00,11.00,22.00,13.00,12.00,12.00,15.00,17.00,23.00,23.00,13.00,13.00,10.00,13.00,17.00,11.00,14.00,16.00,12.00
Y194,18.00,13.00,19.00,31.00,17.00,10.00,31.00,11.00,13.00,10.00,14.00,18.00,23.00,24.00,12.00,11.00,11.00,13.00,18.00,14.00,15.00,15.00,11.00
Y195,18.00,14.00,20.00,30.00,15.00,10.00,25.00,12.00,12.00,11.00,15.00,19.00,23.00,25.00,11.00,11.00,10.00,13.00,18.00,12.00,14.00,17.00,12.00
Y196,18.00,13.00,19.00,30.00,17.00,11.00,31.00,11.00,13.00,10.00,15.00,18.00,22.00,24.00,12.00,11.00,10.00,13.00,19.00,14.00,15.00,15.00,12.00
Y197,18.00,13.00,19.00,31.00,14.00,11.00,31.00,11.00,12.00,10.00,15.00,18.00,24.00,24.00,13.00,11.00,11.00,13.00,17.00,14.00,15.00,15.00,11.00
Y198,19.00,13.00,20.00,32.00,15.00,10.00,28.00,11.00,12.00,10.00,15.00,18.00,22.00,24.00,13.00,11.00,10.00,13.00,17.00,14.00,15.00,15.00,11.00
Y199,20.00,13.00,20.00,32.00,16.00,11.00,30.00,11.00,11.00,10.00,15.00,18.00,22.00,24.00,13.00,11.00,10.00,13.00,16.00,14.00,15.00,15.00,11.00
Y200,18.00,13.00,20.00,30.00,12.00,10.00,22.00,12.00,12.00,10.00,14.00,20.00,21.00,24.00,11.00,11.00,12.00,13.00,15.00,16.00,19.00,16.00,12.00
